"","connection","line"
"1","008812005/20160727/IC4520","25"
"2","8831765/20160728/IC1532","21"
"3","8831765/20160727/IC1532","36"
"4","008819406/20160728/IC3628","36"
"5","008892007/20160728/IC1507","50"
"6","008812211/20160728/S102080","0"
"7","8892007/20160728/IC508","50"
"8","8892007/20160728/IC508","50"
"9","8814001/20160728/ICT6802","50"
"10","8814001/20160728/ICT6802","50"
"11","8892007/20160728/IC508","50"
"12","8892007/20160728/IC2808","50"
"13","8892007/20160728/IC3608","50"
"14","8892007/20160728/IC2808","50"
"15","8821006/20160728/IC3131","25"
"16","8821006/20160728/THA9322","25"
"17","8892007/20160728/P7009","50"
"18","8892007/20160728/P7009","50"
"19","8891140/20160728/L564","50A"
"20","8821006/20160728/IC9240","25"
"21","8821006/20160728/IC9240","25"
"22","8821006/20160728/IC9240","25"
"23","8821006/20160728/IC9240","25"
"24","8813003/20160728/IC1538","50"
"25","008833001/20160728/IC1739","36"
"26","8813003/20160728/IC540","50"
"27","8894201/20160728/IC719","59"
"28","8812005/20160728/IC1518","36"
"29","8813003/20160728/IC515","36"
"30","8892007/20160728/L591","50A"
"31","8812005/20160728/IC1518","36"
"32","8812005/20160728/IC1518","36"
"33","8812005/20160728/IC1518","36"
"34","8812005/20160728/IC1518","36"
"35","8833001/20160728/IC1518","36"
"36","8812005/20160728/IC1518","36"
"37","8813003/20160728/IC442","50"
"38","008813003/20160728/IC543","50"
"39","008891140/20160728/L592","50A"
"40","8812005/20160728/IC1518","36"
"41","8813003/20160728/IC543","50"
"42","8812005/20160728/IC1518","36"
"43","8812005/20160728/IC1518","36"
"44","8812005/20160728/IC1518","36"
"45","8812005/20160728/IC1518","36"
"46","008891140/20160729/IC2832","50A"
"47","008891009/20160729/L582","51"
"48","008891033/20160729/L582","51"
"49","008891629/20160729/L582","51"
"50","8812005/20160728/IC1518","36"
"51","008891173/20160729/L563","51"
"52","008891629/20160729/L563","51"
"53","008891033/20160729/L563","51"
"54","008812211/20160729/S42183","50"
"55","008812047/20160729/IC3235","0"
"56","008891009/20160729/IC2813","50A"
"57","008812211/20160729/S102089","0"
"58","8892007/20160730/IC3631","73"
"59","8892007/20160730/IC509","50"
"60","8892007/20160730/IC1509","50"
"61","008811189/20160730/IC3336","25"
"62","008811189/20160730/IC3114","25"
"63","008822004/20160730/IC3114","25"
"64","008822343/20160730/IC3114","25"
"65","008821238/20160730/IC3114","25"
"66","008821121/20160730/IC4236","15"
"67","008821600/20160730/IC4236","15"
"68","8812005/20160728/IC1518","36"
"69","8812005/20160728/IC1518","36"
"70","8891009/20160731/IC2318","50A"
"71","008821907/20160731/IC4220","29"
"72","008821717/20160731/IC4420","15"
"73","008832409/20160731/IC4420","15"
"74","008891140/20160801/IC2814","50A"
"75","008892007/20160801/IC736","59"
"76","008893120/20160801/IC736","59"
"77","008894201/20160801/IC736","59"
"78","008831005/20160802/IC2231","35"
"79","8892007/20160802/IC508","50"
"80","008812005/20160802/IC2231","0"
"81","008833209/20160802/IC2231","36"
"82","008831401/20160802/IC2231","35"
"83","008814001/20160802/IC2831","50"
"84","008894508/20160802/IC710","59"
"85","008894201/20160802/IC710","59"
"86","008893120/20160802/IC710","59"
"87","008892007/20160802/IC532","50A"
"88","8892007/20160802/IC1506","50"
"89","8831005/20160802/IC2230","35"
"90","008892007/20160802/IC736","59"
"91","008893120/20160802/IC736","59"
"92","008894201/20160802/IC736","59"
"93","8821006/20160802/IC1837","59"
"94","008894508/20160802/IC736","59"
"95","008821121/20160802/IC736","4"
"96","008821006/20160802/IC4237","4"
"97","008821121/20160802/IC4237","15"
"98","008821600/20160802/IC4237","15"
"99","008821964/20160802/IC4237","29"
"100","8821907/20160802/IC4216","27"
"101","8821907/20160802/IC4216","27"
"102","8831765/20160803/IC1537","36"
"103","008821907/20160804/IC4209","29"
"104","008821964/20160804/IC4209","29"
"105","008821717/20160804/IC4209","15"
"106","008821600/20160804/IC4209","15"
"107","008821196/20160804/IC1831","59"
"108","008894508/20160804/IC1831","59"
"109","008894201/20160804/IC1831","59"
"110","008893120/20160804/IC1831","59"
"111","008892007/20160804/IC1831","50A"
"112","008891009/20160804/IC1831","50A"
"113","008891702/20160804/IC512","50A"
"114","008892007/20160804/IC512","50"
"115","008814001/20160804/IC512","0"
"116","008812005/20160804/IC512","36"
"117","8812070/20160804/S103857","60"
"118","008833001/20160804/IC512","36"
"119","008841004/20160804/IC538","36"
"120","008833001/20160804/IC2937","35"
"121","008833233/20160804/IC2937","35"
"122","008833209/20160804/IC2937","16"
"123","8892007/20160804/IC3605","50"
"124","008821832/20160804/IC2937","16"
"125","008821600/20160804/IC2937","15"
"126","008821600/20160804/IC3415","15"
"127","008821717/20160804/IC3415","29"
"128","008821964/20160804/IC3415","29"
"129","8833001/20160805/L2461","35"
"130","8832250/20160807/IC4433","15"
"131","8832433/20160807/IC4333","15"
"132","8875002/20160807/IC3935","122"
"133","8872009/20160807/IC3935","118"
"134","008891702/20160807/IC519","50A"
"135","8842846/20160807/L5593","34"
"136","008821907/20160808/IC3432","29"
"137","008821964/20160808/IC3432","29"
"138","008821717/20160808/IC3432","15"
"139","008821600/20160808/IC3432","25"
"140","008822004/20160808/IC3432","25"
"141","008811189/20160808/IC3432","25"
"142","008812005/20160808/IC3432","0"
"143","008813003/20160808/IC3432","0"
"144","008814308/20160808/IC3432","96"
"145","008883808/20160808/IC3432","96"
"146","008883006/20160808/IC3432","108"
"147","008883212/20160808/IC3432","108"
"148","008882206/20160808/IC911","118"
"149","008871100/20160808/IC2014","124"
"150","008871308/20160808/IC2014","124"
"151","008814209/20160808/IC2014","124"
"152","008814001/20160808/IC2014","0"
"153","008813003/20160808/IC2014","0"
"154","008812005/20160808/IC2014","25"
"155","008822004/20160808/IC2014","25"
"156","008821006/20160808/IC4237","4"
"157","008821121/20160808/IC4237","15"
"158","008821600/20160808/IC4237","15"
"159","008821717/20160808/IC4237","29"
"160","8821006/20160809/IC4312","15"
"161","8821006/20160809/IC4312","15"
"162","008821121/20160809/IC716","59"
"163","8811916/20160809/IC2417","161"
"164","008821907/20160810/IC3435","29"
"165","008821964/20160810/IC3435","29"
"166","008891140/20160810/IC2833","50A"
"167","008821717/20160810/IC3435","15"
"168","008821600/20160810/IC3435","25"
"169","008822004/20160810/IC3435","25"
"170","008811189/20160810/IC3435","25"
"171","008812005/20160810/IC3435","0"
"172","008814001/20160810/IC3419","0"
"173","008813003/20160810/IC3419","0"
"174","008812005/20160810/IC3419","25"
"175","008811189/20160810/IC3419","25"
"176","008822004/20160810/IC3419","25"
"177","008821600/20160810/IC3419","15"
"178","008821907/20160811/IC4210","29"
"179","008821964/20160811/IC4210","29"
"180","008821717/20160811/IC4210","15"
"181","008821600/20160811/IC4210","15"
"182","008821121/20160811/IC4210","4"
"183","008821006/20160811/IC2033","4"
"184","008821121/20160811/IC2033","25"
"185","008822004/20160811/IC2033","25"
"186","008892007/20160811/IC510","53"
"187","008813003/20160811/IC2112","0"
"188","008833001/20160811/IC2611","35"
"189","8814001/20160811/IC534","50"
"190","008861200/20160811/IC2112","161"
"191","008811916/20160811/IC2112","161"
"192","008811304/20160811/IC2112","161"
"193","008811601/20160811/IC2112","161"
"194","008831005/20160811/IC1538","21"
"195","008831005/20160811/IC1538","53"
"196","008814001/20160811/IC1538","50"
"197","008891140/20160812/IC2840","50A"
"198","008891140/20160812/IC1507","50A"
"199","008892007/20160812/IC1809","59"
"200","008893120/20160812/IC1809","59"
"201","008894201/20160812/IC1809","59"
"202","8892007/20160812/IC3612","50"
"203","008891140/20160812/IC1513","50A"
"204","008892007/20160812/IC1816","59"
"205","008893120/20160812/IC1816","59"
"206","008894201/20160812/IC1816","59"
"207","8814001/20160812/IC542","50"
"208","8892007/20160813/IC1830","50A"
"209","8821006/20160813/IC710","59"
"210","8891702/20160813/IC1818","50A"
"211","8892007/20160816/IC1806","59"
"212","8814001/20160816/IC429","50"
"213","8891009/20160816/IC1809","50A"
"214","8892007/20160816/L585","50A"
"215","8821006/20160816/IC1839","59"
"216","8821006/20160816/IC1839","59"
"217","8894748/20160817/IC1828","59"
"218","008821907/20160817/IC4209","29"
"219","008821964/20160817/IC4209","29"
"220","008821717/20160817/IC4209","15"
"221","008821600/20160817/IC4209","15"
"222","008821121/20160817/IC1831","52"
"223","008821196/20160817/IC1831","59"
"224","008894748/20160817/IC1831","59"
"225","008894508/20160817/IC1831","59"
"226","008894201/20160817/IC1831","59"
"227","008892007/20160817/IC1831","50A"
"228","008893120/20160817/IC1831","59"
"229","008813003/20160817/IC416","36"
"230","8893120/20160817/IC1819","59"
"231","8814001/20160817/IC2231","0"
"232","8892007/20160817/IC2820","50"
"233","8894748/20160818/IC1828","59"
"234","8891009/20160818/IC512","50A"
"235","008812005/20160818/IC415","37"
"236","8892007/20160818/IC2813","50"
"237","8813003/20160818/IC539","50"
"238","8893120/20160818/IC1817","59"
"239","8821006/20160818/IC1839","59"
"240","8894748/20160819/IC1828","59"
"241","8893120/20160819/IC728","59"
"242","8892007/20160819/IC3633","73"
"243","8821006/20160819/IC718","59"
"244","008892007/20160821/IC1813","59"
"245","008891140/20160821/IC1512","50A"
"246","8821006/20160822/IC1839","59"
"247","8893120/20160823/IC728","59"
"248","8814001/20160823/IC2037","124"
"249","8892007/20160823/ICT6952","50"
"250","8895000/20160823/P7970","50"
"251","8895000/20160823/IC3628","50"
"252","8891009/20160824/IC832","50A"
"253","8896800/20160824/IC832","73"
"254","8814001/20160825/IC3736","96"
"255","008892007/20160826/IC733","59"
"256","008893120/20160826/IC733","59"
"257","008894201/20160826/IC733","59"
"258","008894508/20160826/IC733","59"
"259","008821121/20160826/IC733","4"
"260","8814001/20160830/IC3736","96"
"261","8892007/20160830/IC1537","50A"
"262","8892007/20160831/L557","50"
"263","8821006/20160901/IC716","59"
"264","8892007/20160903/IC529","50A"
"265","8892007/20160903/IC529","50A"
"266","8892007/20160903/IC2214","50"
"267","8892007/20160904/IC1831","50A"
"268","8811304/20160905/S53586","96"
"269","8893401/20160905/L590","53"
"270","008813003/20160905/IC521","36"
"271","008812005/20160905/IC521","36"
"272","8893120/20160906/IC728","59"
"273","8891009/20160906/IC1511","50A"
"274","8813003/20160906/IC3415","27"
"275","8892007/20160906/IC1538","50A"
"276","8893401/20160905/L588","53"
"277","8892254/20160906/IC3606","73"
"278","8893013/20160907/L557","53"
"279","008821006/20160907/IC2035","25"
"280","8893120/20160908/IC728","59"
"281","8893013/20160908/L557","53"
"282","8821006/20160908/IC1839","59"
"283","8821006/20160908/IC3137","25"
"284","8893013/20160909/L557","53"
"285","8861200/20160909/IC2127","161"
"286","8891009/20160909/IC2814","50A"
"287","8892007/20160909/IC1537","50A"
"288","8812005/20160909/IC415","36"
"289","008813003/20160909/IC507","36"
"290","8893559/20160909/L569","53"
"291","8893559/20160909/L570","53"
"292","8891009/20160910/IC510","50A"
"293","8821006/20160910/IC2614","59"
"294","8821006/20160910/IC2614","59"
"295","8892007/20160910/IC1842","50A"
"296","8891009/20160911/IC507","50"
"297","8822004/20160911/IC2615","25"
"298","8895000/20160911/IC3628","50"
"299","8895000/20160911/IC2227","50"
"300","8893013/20160912/L557","53"
"301","8892007/20160912/L1867","50"
"302","8892007/20160912/IC3640","73"
"303","8893013/20160913/L557","53"
"304","8892254/20160913/IC3607","73"
"305","8814001/20160913/IC1737","96"
"306","8893401/20160913/L588","53"
"307","008892007/20160913/IC417","50"
"308","8893013/20160915/L556","53"
"309","8813003/20160915/IC513","36"
"310","8814001/20160915/IC3645","0"
"311","8819406/20160915/IC3645","50A"
"312","8833001/20160915/IC544","53"
"313","8891009/20160916/IC508","50A"
"314","008831005/20160916/IC2635","35"
"315","008821006/20160916/1828","4"
"316","008821121/20160916/1828","52"
"317","008821196/20160916/1828","59"
"318","008894748/20160916/1828","59"
"319","008894508/20160916/1828","59"
"320","008894201/20160916/1828","59"
"321","008893120/20160916/1828","59"
"322","008892007/20160916/1828","50A"
"323","008891009/20160916/1828","50A"
"324","008822269/20160916/S53360","25"
"325","8831039/20160916/IC1530","35"
"326","008811213/20160916/S93288","36"
"327","008811213/20160916/S23764","36"
"328","008812005/20160916/IC4515","25"
"329","008812005/20160916/IC4515","25"
"330","008813003/20160916/8015","0"
"331","008812005/20160916/8015","0"
"332","008812021/20160916/8015","50"
"333","008812047/20160916/8015","50"
"334","008812211/20160916/8015","50"
"335","008812229/20160916/8015","50"
"336","008812237/20160916/8015","50"
"337","008812237/20160916/8015","50"
"338","008812245/20160916/8015","50"
"339","008812252/20160916/8015","50"
"340","008812260/20160916/8015","50"
"341","008895836/20160916/8015","50"
"342","008895802/20160916/8015","50"
"343","008895091/20160916/8015","50"
"344","008892007/20160916/IC1816","59"
"345","008812005/20160916/S32265","60"
"346","008892007/20160916/IC1816","59"
"347","008892007/20160916/IC1816","59"
"348","008812047/20160916/S32265","60"
"349","008813003/20160916/S23766","36"
"350","008812005/20160916/S86567","0"
"351","008821337/20160916/S11789","25"
"352","008821337/20160916/S11789","25"
"353","008831005/20160916/P7305","35"
"354","008892007/20160916/IC442","75"
"355","008863008/20160916/IC2422","125"
"356","008833001/20160917/IC2621","35"
"357","008833001/20160917/IC2621","35"
"358","008814001/20160917/IC1509","36"
"359","008872009/20160917/IC3110","124"
"360","008874567/20160917/L4561","130"
"361","008874005/20160917/L4561","130"
"362","008813003/20160917/IC3133","124"
"363","8821006/20160916/IC2045","25"
"364","8821006/20160917/S11996","25"
"365","008893526/20160917/L858","53"
"366","008831765/20160917/IC1528","21"
"367","008863008/20160917/IC3838","130"
"368","008894425/20160917/IC3229","60"
"369","008891009/20160917/IC1508","50"
"370","008814001/20160917/IC3607","36"
"371","008892007/20160917/IC742","59"
"372","008833001/20160918/IC1532","36"
"373","008821121/20160918/IC1832","52"
"374","008821196/20160918/IC1832","59"
"375","008894508/20160918/IC1832","59"
"376","008894201/20160918/IC1832","59"
"377","008893120/20160918/IC1832","59"
"378","008895505/20160918/L4864","90"
"379","008891702/20160918/IC1817","50A"
"380","008891702/20160918/IC1817","50A"
"381","008892320/20160918/IC3617","73"
"382","008892320/20160918/IC3617","73"
"383","008892304/20160918/IC3617","73"
"384","008892205/20160918/IC3617","73"
"385","008892254/20160918/IC3617","73"
"386","008892007/20160918/IC3617","50"
"387","008812005/20160918/S86588","0"
"388","008814001/20160918/S23788","96"
"389","008892007/20160918/L867","50"
"390","008822137/20160918/L867","53"
"391","008892601/20160918/IC2316","89"
"392","008891702/20160918/IC518","50A"
"393","008891009/20160918/IC518","50A"
"394","008892007/20160918/IC518","50"
"395","008811437/20160918/S86569","161"
"396","008821717/20160918/IC4239","29"
"397","008821964/20160918/IC4239","29"
"398","008821006/20160918/IC4239","4"
"399","008821121/20160918/IC4239","15"
"400","008892007/20160918/IC1842","50A"
"401","008881166/20160918/IC3719","96"
"402","008812005/20160918/IC518","36"
"403","008812005/20160918/IC3617","36"
"404","008814001/20160918/S103879","0"
"405","008894201/20160918/IC1808","59"
"406","008883006/20160918/P7802","96"
"407","008821121/20160918/L2578","52"
"408","008831005/20160919/P7215","35"
"409","008831005/20160919/P7215","35"
"410","008894425/20160919/IC3229","60"
"411","008841202/20160919/P7444","36"
"412","008841202/20160919/P7444","36"
"413","008895000/20160919/P7982","89"
"414","008831005/20160919/P7305","35"
"415","008883311/20160919/P7515","94"
"416","008886009/20160919/P8589","90"
"417","008886587/20160919/P8589","90"
"418","008886561/20160919/P8589","90"
"419","008886553/20160919/P8589","90"
"420","008886504/20160919/P8589","90"
"421","008886546/20160919/P8589","90"
"422","008822004/20160919/IC3128","25"
"423","008822004/20160919/IC3128","25"
"424","008822004/20160919/P7208","25"
"425","008812005/20160919/IC3205","0"
"426","008833001/20160919/IC1529","36"
"427","008883311/20160919/IC2408","94"
"428","008821717/20160919/IC4207","15"
"429","008883311/20160919/IC2408","94"
"430","008821717/20160919/IC4207","15"
"431","008821717/20160919/IC4207","15"
"432","008812120/20160919/S32279","60"
"433","008891009/20160919/IC507","50A"
"434","008812062/20160919/S32279","60"
"435","008892007/20160919/IC2807","50"
"436","008821238/20160919/IC3328","25"
"437","008821238/20160919/IC3328","25"
"438","008833001/20160919/IC1730","36"
"439","008833001/20160919/IC1730","36"
"440","008812005/20160919/IC1730","0"
"441","008814001/20160919/IC3430","96"
"442","008814001/20160919/IC2036","124"
"443","008814001/20160919/IC1534","50"
"444","008819406/20160919/IC2633","25"
"445","008822004/20160919/IC2633","25"
"446","008821121/20160919/IC2633","4"
"447","008892007/20160919/IC536","50A"
"448","008812005/20160919/IC1714","36"
"449","008812005/20160919/P8802","96"
"450","008883436/20160919/P8512","94"
"451","008812005/20160919/IC1714","36"
"452","008886009/20160919/P8512","94"
"453","008811189/20160919/IC3316","25"
"454","008893401/20160919/L2688","59"
"455","008822004/20160919/IC4138","53"
"456","008812005/20160919/S61588","0"
"457","008812005/20160919/S61588","123"
"458","008812005/20160919/IC2215","36"
"459","008886348/20160919/P8512","94"
"460","008821121/20160919/IC716","59"
"461","008821121/20160919/IC716","59"
"462","008821121/20160919/IC716","59"
"463","008811189/20160919/IC3316","25"
"464","8812005/20160708/IC2116","0"
"465","008811411/20160919/S53366","161"
"466","008893401/20160919/L2689","59"
"467","008821121/20160919/IC2616","34"
"468","008813003/20160919/IC1939","94"
"469","008813003/20160919/IC1540","0"
"470","008844008/20160919/L5277","37"
"471","008883311/20160919/IC1907","94"
"472","8831765/20160919/IC1544","36"
"473","008814001/20160919/IC528","50"
"474","008844008/20160919/IC530","37"
"475","008833209/20160920/IC2228","36"
"476","008833001/20160920/IC1728","36"
"477","008821238/20160920/IC3128","25"
"478","008883436/20160920/IC1928","94"
"479","008883311/20160920/IC2408","94"
"480","008883311/20160920/IC2408","94"
"481","008892007/20160920/IC1506","50"
"482","008892007/20160920/P7008","50"
"483","008811304/20160920/IC2107","161"
"484","008891009/20160920/IC1808","50A"
"485","008821196/20160920/IC1833","50A"
"486","008891009/20160920/IC1807","50A"
"487","008892007/20160920/IC1807","59"
"488","008893120/20160920/IC1807","59"
"489","008894201/20160920/IC1807","59"
"490","008821196/20160920/IC1807","52"
"491","008821121/20160920/IC1807","4"
"492","008833001/20160920/IC530","36"
"493","008812005/20160920/IC530","0"
"494","008833001/20160920/IC1730","36"
"495","008812005/20160920/IC1730","0"
"496","008811601/20160920/S83979","161"
"497","008833175/20160920/L2779","53"
"498","008822004/20160920/L2779","53"
"499","008822111/20160920/IC4133","53"
"500","008821196/20160920/IC1835","59"
"501","008894748/20160920/IC1835","59"
"502","008892007/20160920/IC2834","50A"
"503","008812005/20160920/IC1713","36"
"504","008892007/20160920/IC1835","50A"
"505","008893120/20160920/IC1835","59"
"506","008894508/20160920/IC1835","59"
"507","008814001/20160920/IC1537","50"
"508","008812005/20160920/S61588","0"
"509","008812005/20160920/S61588","123"
"510","008812005/20160920/IC4516","25"
"511","008822004/20160920/S11967","25"
"512","008822004/20160920/S11967","25"
"513","008811304/20160920/S818660","161"
"514","008813003/20160920/IC539","50"
"515","008813003/20160920/IC539","50"
"516","008821121/20160920/IC9252","25"
"517","008892007/20160920/L567","50"
"518","008821121/20160920/IC2017","4"
"519","008814001/20160920/IC1542","50"
"520","008881000/20160920/IC1705","96"
"521","008884715/20160921/L4882","78"
"522","008833001/20160921/IC2628","36"
"523","008822475/20160921/IC4128","53"
"524","008814308/20160921/S73457","96"
"525","008885704/20160921/IC3207","94"
"526","008812120/20160921/S32279","60"
"527","008893013/20160921/P7013","50"
"528","008892007/20160921/IC507","50"
"529","008833001/20160921/IC530","36"
"530","008812005/20160921/IC530","0"
"531","008822004/20160921/S53588","25"
"532","008885001/20160921/IC3235","94"
"533","008812047/20160921/S103885","60"
"534","8892007/20160921/IC407","50"
"535","008883113/20160921/IC1736","96"
"536","008821006/20160921/IC2615","36"
"537","008813003/20160921/IC2215","36"
"538","008812005/20160921/S61588","123"
"539","008812005/20160921/S61588","123"
"540","008812005/20160921/P8802","96"
"541","008895802/20160921/P8011","50"
"542","008812005/20160921/P8013","50"
"543","008892007/20160921/IC716","75"
"544","008813003/20160921/IC539","50"
"545","008896008/20160921/IC420","75"
"546","008813003/20160921/IC3605","0"
"547","008814001/20160921/3415","0"
"548","008813003/20160921/3415","0"
"549","008812005/20160921/3415","25"
"550","008811189/20160921/3415","25"
"551","008822004/20160921/3415","25"
"552","008821600/20160921/3415","15"
"553","008821717/20160921/3415","29"
"554","008821964/20160921/3415","29"
"555","008814001/20160921/S61590","50"
"556","008814001/20160921/S61590","50"
"557","008892007/20160921/IC542","50A"
"558","008821006/20160921/1828","4"
"559","008821121/20160921/1828","52"
"560","008833233/20160921/IC2909","35"
"561","008833233/20160921/IC2909","35"
"562","008874716/20160921/L4579","130"
"563","008821600/20160921/IC3442","25"
"564","008892007/20160921/IC4107","53"
"565","008872553/20160922/L4580","140"
"566","008844008/20160922/IC429","37"
"567","008894425/20160922/IC3229","60"
"568","008831005/20160922/P7305","35"
"569","008822004/20160922/IC3128","25"
"570","008832573/20160922/IC4337","19"
"571","008832573/20160922/IC4337","19"
"572","008832565/20160922/IC4337","19"
"573","008883311/20160922/IC2408","94"
"574","008883311/20160922/IC2408","94"
"575","008895505/20160922/P7923","90"
"576","008841004/20160922/L5277","37"
"577","008841525/20160922/L5277","34"
"578","008893013/20160922/P7013","50"
"579","008819406/20160922/IC2628","25"
"580","008822004/20160922/IC2628","25"
"581","008891009/20160922/IC1507","50A"
"582","008891140/20160922/IC1507","50A"
"583","008892007/20160922/IC1507","50"
"584","008821238/20160922/IC3129","25"
"585","008811510/20160922/S83981","161"
"586","008831401/20160922/IC2229","35"
"587","008831401/20160922/P7305","35"
"588","008892007/20160922/IC507","50"
"589","008892007/20160922/IC507","50"
"590","008891140/20160922/IC1507","50A"
"591","008895802/20160922/S32257","50"
"592","008812005/20160922/IC2007","25"
"593","008822004/20160922/IC2007","25"
"594","008821121/20160922/IC3330","25"
"595","008811601/20160922/S86581","161"
"596","008841004/20160922/P7444","36"
"597","008831005/20160922/IC1534","35"
"598","008812005/20160922/S61584","123"
"599","008814308/20160922/IC1912","96"
"600","008811189/20160922/3315","25"
"601","008863008/20160922/IC3837","130"
"602","008896008/20160922/IC837","66"
"603","008821121/20160922/L2666","52"
"604","008821006/20160922/IC2039","25"
"605","008812005/20160922/P8013","50"
"606","008812005/20160922/IC4516","25"
"607","008821006/20160922/IC1839","59"
"608","008811213/20160922/S23689","0"
"609","008811213/20160922/S23689","0"
"610","008814001/20160922/IC539","50"
"611","008833001/20160922/IC4141","53"
"612","8812005/20160922/IC3642","50"
"613","8895802/20160922/IC2305","50"
"614","008892007/20160922/IC2813","50"
"615","008814001/20160922/IC3703","36"
"616","008814001/20160922/IC3703","36"
"617","008841004/20160922/IC2436","125"
"618","008813003/20160922/IC1921","0"
"619","008861515/20160922/L6279","161"
"620","008871332/20160923/IC4005","124"
"621","008814209/20160923/IC2005","124"
"622","008872009/20160923/IC4506","124"
"623","008821121/20160923/IC4324","19"
"624","008822343/20160923/S11772","25"
"625","008822004/20160923/S11778","25"
"626","008822004/20160923/S11778","25"
"627","008896925/20160923/IC408","66"
"628","008822251/20160923/S11778","25"
"629","008833001/20160923/P7302","36"
"630","008822269/20160923/S11778","25"
"631","008883311/20160923/S67574","94"
"632","008811189/20160923/S11778","25"
"633","008811148/20160923/S11778","25"
"634","008821121/20160923/IC3328","25"
"635","008821600/20160923/L2878","16"
"636","008812005/20160923/IC1929","96"
"637","008812005/20160923/IC1929","96"
"638","008894672/20160923/L2778","54"
"639","008812120/20160923/S32279","60"
"640","008812120/20160923/S32279","60"
"641","008812070/20160923/S32279","60"
"642","008831401/20160923/P7306","35"
"643","008811189/20160923/IC3406","27"
"644","008821337/20160923/S11981","25"
"645","008896800/20160923/P8992","66"
"646","008821196/20160923/L2681","52"
"647","008822004/20160923/IC4533","25"
"648","008893120/20160923/L763","58"
"649","008812005/20160923/P8800","96"
"650","008861143/20160923/L4563","130"
"651","008861143/20160923/L4563","130"
"652","008814308/20160923/IC3236","94"
"653","008841004/20160923/IC3814","37"
"654","008841004/20160923/IC3814","37"
"655","008841004/20160923/IC3814","37"
"656","008841004/20160923/IC3814","37"
"657","008871100/20160923/IC3814","118"
"658","008883311/20160923/IC3236","94"
"659","008883436/20160923/IC3236","94"
"660","008811676/20160923/S86385","161"
"661","8813003/20160922/IC536","50"
"662","008811601/20160923/IC2136","161"
"663","008813003/20160923/IC4536","124"
"664","008812005/20160923/P8444","36"
"665","008892007/20160923/IC436","75"
"666","008812005/20160923/P8444","36"
"667","008821006/20160923/IC723","59"
"668","008812005/20160923/IC4515","25"
"669","008863008/20160923/IC2437","161"
"670","008896800/20160923/IC816","66"
"671","008821121/20160923/IC716","59"
"672","008814001/20160923/IC1738","96"
"673","008812005/20160923/IC2238","0"
"674","008814001/20160923/IC2238","50"
"675","008812005/20160923/IC2238","0"
"676","008895836/20160923/IC2238","50"
"677","008814001/20160923/IC1738","96"
"678","008814001/20160923/IC3438","96"
"679","008814001/20160923/IC3738","96"
"680","008814001/20160923/IC3438","96"
"681","008895836/20160923/IC2238","50"
"682","008821121/20160923/L2967","25"
"683","008813003/20160923/IC3117","0"
"684","008813003/20160923/IC2016","25"
"685","008821337/20160923/S11789","25"
"686","008812005/20160923/S11778","0"
"687","008811007/20160923/S11778","0"
"688","008821600/20160923/IC3441","25"
"689","008841004/20160923/IC2440","125"
"690","008822004/20160923/IC2618","25"
"691","8814001/20160923/P8903","89"
"692","008814001/20160923/IC1543","50"
"693","008831401/20160923/IC2643","35"
"694","008821006/20160924/IC3327","25"
"695","008819406/20160924/IC4042","124"
"696","008863008/20160924/IC2133","161"
"697","008832458/20160924/IC4330","15"
"698","008821717/20160924/IC4330","15"
"699","008821600/20160924/IC4330","15"
"700","008821121/20160924/IC4330","4"
"701","008832433/20160924/IC4330","19"
"702","008832409/20160924/IC4330","19"
"703","008832565/20160924/IC4330","19"
"704","008832573/20160924/IC4330","19"
"705","008813003/20160924/IC2510","0"
"706","008895208/20160924/L1883","122"
"707","008844503/20160924/IC536","37"
"708","008844008/20160924/IC536","37"
"709","008892007/20160924/IC1537","50A"
"710","008891124/20160924/L569","50A"
"711","008892007/20160924/3640","75-73"
"712","008892080/20160924/3640","75-73"
"713","008892106/20160924/3640","73"
"714","008892254/20160924/3640","73"
"715","008892205/20160924/3640","73"
"716","008814001/20160924/IC518","0"
"717","008819406/20160924/IC3644","36"
"718","008892007/20160924/P7001","50"
"719","008812070/20160925/S32279","60"
"720","008864345/20160925/IC2131","161"
"721","008821006/20160925/IC2908","4"
"722","008833001/20160925/IC535","36"
"723","8892007/20160925/IC509","50"
"724","008814415/20160925/S53360","26"
"725","008863503/20160925/P7662",NA
"726","008822004/20160925/IC2030","25"
"727","008822004/20160925/IC4529","25"
"728","008833308/20160925/P7311","21"
"729","008892007/20160925/IC516","36"
"730","8814001/20160925/IC538","50"
"731","008822004/20160925/L889","53"
"732","008891009/20160925/IC518","50A"
"733","008891009/20160925/IC1518","50A"
"734","008821121/20160925/P8223","36"
"735","008891009/20160925/IC1519","50A"
"736","008881000/20160925/IC3722","96"
"737","008891009/20160925/IC1519","50A"
"738","008891140/20160925/IC1519","50A"
"739","008892007/20160925/IC1519","50"
"740","008884004/20160925/P7862","78"
"741","008814167/20160925/S11757","124"
"742","008814167/20160925/S11757","124"
"743","008883006/20160926/P7802","96"
"744","008821071/20160926/IC3329","25"
"745","008841202/20160926/P7444","36"
"746","008831005/20160926/P7305","35"
"747","008882206/20160926/IC3827","118"
"748","008883808/20160926/S23756","96"
"749","008831138/20160926/IC2229","35"
"750","008831005/20160926/P7215","35"
"751","008831401/20160926/P7215","34"
"752","008821832/20160926/P7215","16"
"753","008821600/20160926/P7215","15"
"754","008821121/20160926/P7215","4"
"755","008814001/20160926/IC2028","124"
"756","008814001/20160926/S11978","124"
"757","008893401/20160926/L556","53"
"758","008811601/20160926/S86580","161"
"759","008811601/20160926/IC2129","161"
"760","008814308/20160926/S23757","96"
"761","008812047/20160926/S102078","50"
"762","008814373/20160926/S23757","96"
"763","008811536/20160926/S83978","161"
"764","008896115/20160926/P7009","89"
"765","008896115/20160926/P7009","89"
"766","008811510/20160926/S83978","161"
"767","008891009/20160926/IC1808","50A"
"768","8893013/20160926/L557","53"
"769","008892007/20160926/IC707","75"
"770","008892007/20160926/IC707","75"
"771","008812005/20160926/S83958","0"
"772","008811916/20160926/S83958","161"
"773","008811304/20160926/S83958","161"
"774","008811411/20160926/S83958","161"
"775","008821311/20160926/S11756","25"
"776","008821121/20160926/IC708","59"
"777","8892007/20160926/IC1532","50A"
"778","008814001/20160926/IC533","50"
"779","008832409/20160926/L2983","19"
"780","008819406/20160926/IC2633","25"
"781","008895760/20160926/S61583","90"
"782","008812005/20160926/IC2214","35"
"783","008812005/20160926/IC2214","35"
"784","008811916/20160926/IC2435","0"
"785","008833001/20160926/IC1514","36"
"786","008812005/20160926/S86563","161"
"787","008883311/20160926/IC3231","94"
"788","008833209/20160926/IC2210","35"
"789","008892007/20160926/IC715","75"
"790","008841400/20160926/IC1708","36"
"791","008821121/20160926/IC2616","35"
"792","008811189/20160926/IC3415","25"
"793","008822004/20160926/IC3415","25"
"794","008811189/20160926/IC3316","25"
"795","008812005/20160926/IC3316","25"
"796","008811007/20160926/P8802","0"
"797","8893401/20160926/L588","53"
"798","008833001/20160926/IC4139","53"
"799","008821717/20160926/IC4317","15"
"800","008821006/20160926/IC4317","4"
"801","008821121/20160926/IC4317","15"
"802","008821600/20160926/IC4317","15"
"803","008832458/20160926/IC4317","19"
"804","008832433/20160926/IC4317","19"
"805","008832409/20160926/IC4317","19"
"806","008814001/20160926/IC3239","96"
"807","008813003/20160926/IC3240","96"
"808","008833001/20160926/IC1540","36"
"809","008885001/20160926/IC3239","94"
"810","008813003/20160926/IC3640","50"
"811","008812211/20160926/S107016","0"
"812","008841525/20160926/L5268","34"
"813","008819406/20160926/IC2639","25"
"814","008811411/20160926/S86589","161"
"815","008812005/20160926/IC517","36"
"816","008821121/20160926/IC4319","15"
"817","008819406/20160926/IC3729","36"
"818","008821121/20160926/IC729","4"
"819","008896149/20160926/IC729","59"
"820","008841202/20160927/P7444","36"
"821","008841004/20160927/IC428","36"
"822","008831005/20160927/P7305","35"
"823","008814308/20160927/S61555","96"
"824","008833605/20160927/P7400","36"
"825","008833605/20160927/IC1529","36"
"826","008833605/20160927/P7302","36"
"827","008814308/20160927/S61555","96"
"828","008881166/20160927/P7802","96"
"829","008814308/20160927/S73457","96"
"830","008892007/20160927/IC1506","50"
"831","008814167/20160927/P7723","124"
"832","008893013/20160927/P7013","50"
"833","008833001/20160927/P7401","36"
"834","008833001/20160927/P7401","36"
"835","8893013/20160927/L557","53"
"836","008892007/20160927/IC1507","50"
"837","008821337/20160927/S11780","25"
"838","008821311/20160927/S11780","25"
"839","008822210/20160927/S11780","25"
"840","008812005/20160927/IC2409","0"
"841","008891009/20160927/IC2809","50A"
"842","008814001/20160927/S32282","89"
"843","008813003/20160927/S32282","89"
"844","008841004/20160927/IC535","36"
"845","008821311/20160927/S11984","25"
"846","008821311/20160927/S11984","25"
"847","8892007/20160927/IC533","50A"
"848","008814001/20160927/IC1712","36"
"849","008814001/20160927/IC1714","36"
"850","008892007/20160927/L786","75-73"
"851","008892007/20160927/L786","86"
"852","008813003/20160927/IC4515","25"
"853","008819406/20160927/2338","36"
"854","008812005/20160927/2338","0"
"855","008813003/20160927/2338","0"
"856","008814001/20160927/2338","50"
"857","008895802/20160927/2338","89"
"858","008895208/20160927/2338","89"
"859","008892601/20160927/2338","89"
"860","008896008/20160927/2338","66"
"861","008896800/20160927/2338","66"
"862","008812005/20160927/IC3316","25"
"863","008811189/20160927/S11988","25"
"864","008814001/20160927/S11988","0"
"865","008892007/20160927/IC515","53"
"866","008814001/20160927/IC515","0"
"867","008892007/20160927/IC416","50"
"868","008811189/20160927/IC3415","25"
"869","008822004/20160927/IC4538","25"
"870","008822004/20160927/IC4138","53"
"871","008812005/20160927/IC515","36"
"872","008812211/20160927/S102087","0"
"873","008814001/20160927/S11988","0"
"874","008894425/20160927/L2688","59"
"875","008814001/20160927/S23788","96"
"876","008821006/20160927/IC1839","59"
"877","008892007/20160927/IC539","50A"
"878","008814001/20160927/IC1718","0"
"879","008894748/20160927/IC1806","59"
"880","008894748/20160927/IC1806","59"
"881","008894748/20160927/P7291","59"
"882","008831807/20160927/IC1504","21"
"883","008831807/20160927/P7311","21"
"884","008821600/20160928/IC3430","25"
"885","008821600/20160928/IC4326","15"
"886","008811601/20160928/IC2105","161"
"887","008895091/20160928/S102055","50"
"888","008814167/20160928/S11757","124"
"889","008814308/20160928/S61555","96"
"890","008814308/20160928/IC3205","96"
"891","008811007/20160928/S61579","0"
"892","008814308/20160928/S73457","96"
"893","008814308/20160928/S23757","96"
"894","008894672/20160928/L2757","54"
"895","008811189/20160928/IC3328","25"
"896","008812005/20160928/S102058","0"
"897","008821337/20160928/S11956","25"
"898","008821246/20160928/S11956","25"
"899","008821147/20160928/S11983","25"
"900","008891009/20160928/IC2811","50A"
"901","008813003/20160928/IC3727","0"
"902","008811510/20160928/S83962","161"
"903","008831005/20160928/L2484","35"
"904","008843141/20160928/L4986","125"
"905","008813003/20160928/IC1514","36"
"906","008811007/20160928/S68574","96"
"907","008811007/20160928/S68574","0"
"908","008811213/20160928/S23787","36"
"909","008811130/20160928/S23787","25"
"910","008811007/20160928/S23787","0"
"911","008814001/20160928/S68574","96"
"912","008812005/20160928/S23787","0"
"913","008812005/20160928/P8903","0"
"914","008813003/20160928/P8903","0"
"915","008892007/20160928/IC539","50A"
"916","008892007/20160928/IC3641","75-73"
"917","008894201/20160928/IC3006","59"
"918","008822343/20160928/S11955","25"
"919","008812005/20160928/IC522","36"
"920","008822004/20160928/IC4122","53"
"921","008896008/20160929/P7008","89"
"922","008812120/20160929/S32278","60"
"923","008833001/20160929/IC1728","36"
"924","008831005/20160929/P7305","35"
"925","008833605/20160929/IC1729","36"
"926","008831401/20160929/P7305","35"
"927","008884350/20160929/P7864","97"
"928","008892007/20160929/IC706","75"
"929","008896149/20160929/IC706","75"
"930","008896008/20160929/IC706","69"
"931","008821717/20160929/IC4207","15"
"932","008814365/20160929/S23757","96"
"933","008883006/20160929/IC3707","96"
"934","008833001/20160929/P7303","36"
"935","008821121/20160929/IC4529","25"
"936","008821121/20160929/IC4529","25"
"937","008821006/20160929/IC1828","59"
"938","008895802/20160929/P7975","50"
"939","008894201/20160929/IC1807","59"
"940","008891009/20160929/IC1807","50A"
"941","008892007/20160929/IC1807","59"
"942","008893120/20160929/IC1807","59"
"943","008894748/20160929/IC1807","59"
"944","008821196/20160929/IC1807","52"
"945","008821121/20160929/IC1807","4"
"946","008813003/20160929/IC1718","36"
"947","008833001/20160929/IC1530","36"
"948","008812005/20160929/IC3429","96"
"949","008812005/20160929/IC3429","96"
"950","008819406/20160929/IC3631","36"
"951","008819406/20160929/IC3631","36"
"952","008833001/20160929/IC3631","36"
"953","008812005/20160929/IC3631","0"
"954","008813003/20160929/IC3631","0"
"955","008896008/20160929/IC709","69"
"956","008814308/20160929/S53558","96"
"957","008821857/20160929/L2857","16"
"958","008812005/20160929/IC2108","0"
"959","008821717/20160929/IC3431","15"
"960","008821121/20160929/IC4530","25"
"961","008891009/20160929/IC1809","50A"
"962","008895208/20160929/S32259","89"
"963","008813003/20160929/S32259","0"
"964","008895802/20160929/S32259","50"
"965","008812005/20160929/IC2831","50"
"966","008812005/20160929/S32283","0"
"967","008813003/20160929/S32283","0"
"968","008812005/20160929/IC510","36"
"969","008884004/20160929/IC1732","97"
"970","008884004/20160929/IC1732","97"
"971","008884319/20160929/IC1732","97"
"972","008884327/20160929/IC1732","97"
"973","008892007/20160929/IC3611","50"
"974","008812005/20160929/IC2011","25"
"975","008814001/20160929/P8741","96"
"976","008813003/20160929/IC415","36"
"977","008841004/20160929/L5287","34"
"978","008831005/20160929/IC2238","35"
"979","008831005/20160929/IC2238","35"
"980","008811510/20160929/S86565","161"
"981","008811601/20160929/S85666","161"
"982","008811601/20160929/S85666","161"
"983","008811528/20160929/S86565","161"
"984","008811536/20160929/S86565","161"
"985","008811544/20160929/S86565","161"
"986","008811601/20160929/S85666","161"
"987","008892007/20160929/IC537","50A"
"988","008812005/20160929/IC3316","25"
"989","008896735/20160929/IC737","69"
"990","008896008/20160929/IC2314","89"
"991","008812005/20160929/S32265","0"
"992","008812005/20160929/S32265","60"
"993","008812005/20160929/IC2417","0"
"994","008821006/20160929/IC4317","4"
"995","008821121/20160929/IC4317","15"
"996","008821600/20160929/IC4317","15"
"997","008821717/20160929/IC4317","15"
"998","008832458/20160929/IC4317","19"
"999","008812005/20160929/S83967","161"
"1000","008892007/20160929/P8999","75-73"
"1001","008863008/20160929/IC2138","161"
"1002","008892007/20160929/IC716","75"
"1003","008841004/20160929/IC5389","37"
"1004","008813003/20160929/IC9215","25"
"1005","008833050/20160929/IC3644","36"
"1006","008895802/20160929/IC3618","50"
"1007","008892635/20160929/P7962","86"
"1008","008892007/20160929/P7962","50"
"1009","008892080/20160929/P7962","75-73"
"1010","008892650/20160929/P7962","86"
"1011","008892643/20160929/P7962","86"
"1012","8892007/20160929/IC1819","59"
"1013","008814357/20160929/S23692","96"
"1014","008814357/20160929/S23692","96"
"1015","008813003/20160929/IC2220","35"
"1016","008833001/20160929/IC1507","36"
"1017","008883006/20160929/P7802","96"
"1018","008814258/20160930/S11757","124"
"1019","008844503/20160930/IC429","37"
"1020","008844008/20160930/IC429","37"
"1021","008844206/20160930/IC429","37"
"1022","008842002/20160930/IC429","37"
"1023","008841004/20160930/IC429","36"
"1024","008812005/20160930/P7305","0"
"1025","008821337/20160930/S11979","25"
"1026","008812005/20160930/IC3229","0"
"1027","008811221/20160930/S23778","36"
"1028","008833001/20160930/IC429","36"
"1029","008814001/20160930/IC3708","0"
"1030","008883006/20160930/IC3708","96"
"1031","008811916/20160930/IC2409","161"
"1032","008819406/20160930/IC2609","35"
"1033","008811304/20160930/S83980","0"
"1034","008814001/20160930/IC410","36"
"1035","008884350/20160930/IC1732","97"
"1036","008833001/20160930/L2886","16"
"1037","008821006/20160930/IC4535","25"
"1038","008831005/20160930/IC4335","15"
"1039","008812005/20160930/P8305","36"
"1040","008812005/20160930/IC2215","36"
"1041","008896008/20160930/IC735","59"
"1042","008812005/20160930/IC1513","36"
"1043","008812005/20160930/IC1513","36"
"1044","008812005/20160930/IC1513","36"
"1045","8893120/20160930/IC1815","59"
"1046","008812005/20160930/IC514","36"
"1047","008812005/20160930/P8400","36"
"1048","008831765/20160930/IC1540","36"
"1049","008811007/20160930/S68574","0"
"1050","008812005/20160930/P8444","36"
"1051","008833001/20160930/IC2937","16"
"1052","008833001/20160930/IC2937","35"
"1053","008821121/20160930/IC3137","25"
"1054","008814001/20160930/P8006","50"
"1055","008892007/20160930/IC715","75"
"1056","008813003/20160930/IC4515","0"
"1057","008812005/20160930/IC4515","25"
"1058","008822004/20160930/IC4515","25"
"1059","008821121/20160930/IC4515","4"
"1060","008813003/20160930/IC2838","0"
"1061","008833001/20160930/L2467","35"
"1062","008892007/20160930/IC716","75"
"1063","008812005/20160930/IC2016","25"
"1064","008822004/20160930/P8088","53"
"1065","008822608/20160930/P8390","54"
"1066","008822004/20160930/IC2613","35"
"1067","008831005/20160930/IC1512","21"
"1068","008833001/20160930/IC2617","35"
"1069","008821121/20160930/IC2918","16"
"1070","008833001/20160930/L2890","35"
"1071","008863008/20160930/IC2441","161"
"1072","008822004/20160930/IC4519","25"
"1073","008822004/20160930/IC4519","25"
"1074","008822004/20160930/IC4519","25"
"1075","008822004/20160930/IC4519","25"
"1076","008831005/20160930/IC1543","21"
"1077","008892106/20160930/IC3606","75-73"
"1078","008893559/20160930/IC2208","50"
"1079","008821006/20161001/IC611","4"
"1080","008821006/20161001/IC611","4"
"1081","008811601/20161001/S203063","139"
"1082","008811676/20161001/S85683","161"
"1083","8811601/20161001/S85682","140"
"1084","008822004/20161001/L2767","54"
"1085","008833001/20161002/IC530","36"
"1086","008811718/20161002/ICT6910","139"
"1087","008885001/20161002/IC3811","78"
"1088","008833001/20161002/IC536","36"
"1089","008895000/20161002/IC3613","50"
"1090","008833001/20161002/L2887","36"
"1091","008891009/20161002/IC1816","50A"
"1092","008891009/20161002/IC1816","50A"
"1093","008891009/20161002/IC1816","50A"
"1094","008895802/20161002/S61571","90"
"1095","008814258/20161002/IC2039","124"
"1096","008866001/20161002/IC2141",NA
"1097","008892007/20161002/L788","86"
"1098","008812120/20161002/S103866","60"
"1099","008812005/20161002/S11769","25"
"1100","008896008/20161002/IC2316","89"
"1101","008896008/20161002/IC2316","89"
"1102","008814001/20161002/IC517","0"
"1103","008892007/20161002/IC518","50"
"1104","008814001/20161002/IC519","0"
"1105","008831005/20161002/P8225","35"
"1106","008866001/20161002/P8621",NA
"1107","008811189/20161002/IC3308","25"
"1108","008831005/20161002/P8225","35"
"1109","008831005/20161002/P8225","35"
"1110","008814001/20161002/IC1540","0"
"1111","008833209/20161002/L2891","16"
"1112","008833209/20161002/L2891","16"
"1113","008821006/20161002/IC1842","4"
"1114","008821121/20161002/IC1842","52"
"1115","008894201/20161002/IC1830","59"
"1116","008893120/20161002/IC1830","59"
"1117","008892007/20161002/IC1830","50A"
"1118","008892007/20161002/IC1830","50A"
"1119","008895802/20161002/IC2319","50"
"1120","008833001/20161002/S93279","36"
"1121","008833001/20161002/P7302","36"
"1122","008833001/20161002/IC529","36"
"1123","008893401/20161003/L554","53"
"1124","008893401/20161003/L554","53"
"1125","008893401/20161003/L554","53"
"1126","008891009/20161003/L554","50A"
"1127","008896412/20161003/P7008","69"
"1128","008896008/20161003/IC3206","94"
"1129","008872009/20161003/IC4506","124"
"1130","008896412/20161003/P7008","69"
"1131","008896800/20161003/826","66"
"1132","008892205/20161003/7006","73"
"1133","008892007/20161003/7006","50"
"1134","008814266/20161003/S11756","124"
"1135","008814258/20161003/S11757","124"
"1136","008891009/20161003/IC506","50A"
"1137","008814209/20161003/IC4506","124"
"1138","008883808/20161003/S23656","96"
"1139","008814308/20161003/S53557","96"
"1140","008886009/20161003/L4856","90"
"1141","008831401/20161003/IC2229","35"
"1142","008895802/20161003/S37953","50"
"1143","008812005/20161003/IC429","0"
"1144","008891009/20161003/IC1808","50A"
"1145","008814308/20161003/S67574","96"
"1146","008892080/20161003/IC408","50A"
"1147","008814001/20161003/IC1730","96"
"1148","008814001/20161003/IC1730","96"
"1149","008833001/20161003/IC431","36"
"1150","008821238/20161003/IC3131","25"
"1151","008872009/20161003/IC4513","124"
"1152","008833001/20161003/IC434","36"
"1153","008863008/20161003/IC2137","161"
"1154","008813003/20161003/IC437","89"
"1155","008812005/20161003/P8444","36"
"1156","008814001/20161003/IC3238","96"
"1157","008871308/20161003/IC2037","124"
"1158","008812005/20161003/IC2215","36"
"1159","008813003/20161003/IC3116","25"
"1160","008813003/20161003/IC3116","25"
"1161","008813003/20161003/IC2137","0"
"1162","008892007/20161003/IC1817","59"
"1163","008891009/20161003/IC1817","50A"
"1164","008821071/20161003/IC3317","12"
"1165","008833001/20161003/IC2617","35"
"1166","008871100/20161004/IC4506","124"
"1167","008831401/20161004/P7305","35"
"1168","008833308/20161004/IC1529","36"
"1169","008833308/20161004/IC1529","36"
"1170","008814258/20161004/IC4506","124"
"1171","008895802/20161004/S102078","50"
"1172","008892007/20161004/P7008","50"
"1173","008821535/20161004/IC3328","12"
"1174","008841004/20161004/IC429","36"
"1175","008894151/20161004/P7013","50"
"1176","008896149/20161004/IC407","89"
"1177","008894151/20161004/P7013","50"
"1178","008891009/20161004/IC1807","50A"
"1179","008833001/20161004/IC1530","36"
"1180","008831005/20161004/IC1530","35"
"1181","008833001/20161004/P7401","36"
"1182","008833001/20161004/IC1731","36"
"1183","008894821/20161004/L2680","59"
"1184","008891009/20161004/IC1632","51"
"1185","008891009/20161004/IC1633","51"
"1186","008885001/20161004/L4887","78"
"1187","008892007/20161004/IC714","75"
"1188","008841004/20161004/IC437","36"
"1189","008811106/20161004/S53586","26"
"1190","008811106/20161004/S53586","26"
"1191","008811106/20161004/S53586","26"
"1192","008814308/20161004/S61587","94"
"1193","008811106/20161004/S53586","26"
"1194","008893120/20161004/IC715","59"
"1195","008813003/20161004/IC2037","124"
"1196","008896800/20161004/IC2338","66"
"1197","008813003/20161004/IC437","89"
"1198","008811106/20161004/S53586","26"
"1199","8893401/20161004/L588","53"
"1200","008813003/20161004/IC440","50"
"1201","008883113/20161004/IC3707","96"
"1202","008812005/20161004/IC2218","36"
"1203","008833209/20161004/IC2218","35"
"1204","008831401/20161004/IC2218","35"
"1205","008812005/20161004/IC2218","35"
"1206","008821006/20161004/IC1829","59"
"1207","008883311/20161005/S61556","94"
"1208","008891405/20161005/IC2807","51"
"1209","008814266/20161005/S11956","124"
"1210","008841202/20161005/P7444","36"
"1211","008896149/20161005/IC407","89"
"1212","008812005/20161005/IC429","0"
"1213","008833001/20161005/IC429","36"
"1214","008821147/20161005/S11980","25"
"1215","008833001/20161005/IC1530","36"
"1216","008812005/20161005/IC1530","0"
"1217","8893013/20161005/L557","53"
"1218","008814001/20161005/IC507","36"
"1219","008831005/20161005/IC1534","35"
"1220","008891140/20161005/IC1508","50A"
"1221","008821246/20161005/S11960","25"
"1222","008811510/20161005/S83962","161"
"1223","008814001/20161005/S23683","96"
"1224","008814373/20161005/S23683","96"
"1225","008814365/20161005/S23683","96"
"1226","008814357/20161005/S23683","96"
"1227","008814340/20161005/S23683","96"
"1228","008812005/20161005/IC1535","50"
"1229","008811601/20161005/S86585","161"
"1230","008811429/20161005/S86564","161"
"1231","8812005/20161005/IC1512","36"
"1232","8812005/20161005/IC1512","36"
"1233","008892007/20161005/IC4115","53"
"1234","008813003/20161005/S11788","124"
"1235","008813003/20161005/IC2039","124"
"1236","008821600/20161005/IC4220","15"
"1237","008812237/20161006/S102081","50"
"1238","008812047/20161006/IC3232","0"
"1239","008896008/20161006/IC407","75"
"1240","008842002/20161006/IC429","37"
"1241","008841004/20161006/IC429","36"
"1242","008833001/20161006/IC429","36"
"1243","008812005/20161006/IC429","0"
"1244","008813003/20161006/IC429","0"
"1245","008842002/20161006/IC429","36"
"1246","008833001/20161006/IC529","36"
"1247","008814308/20161006/IC3205","96"
"1248","008883006/20161006/IC3406","96"
"1249","008892007/20161006/P7008","50"
"1250","008814001/20161006/S23656","0"
"1251","008821147/20161006/S11779","25"
"1252","8892007/20161006/IC1506","50"
"1253","008814415/20161006/S53357","26"
"1254","008896149/20161006/IC407","89"
"1255","008812005/20161006/IC2831","0"
"1256","008833001/20161006/IC430","53"
"1257","008814001/20161006/IC1739","96"
"1258","008812005/20161006/S23659","36"
"1259","008812005/20161006/IC412","36"
"1260","008814456/20161006/S53564","161"
"1261","008821006/20161006/IC2915","4"
"1262","008811106/20161006/S53586","26"
"1263","008822004/20161006/IC2014","25"
"1264","008813003/20161006/IC2014","25"
"1265","008812005/20161006/P8444","36"
"1266","008833001/20161006/P8364","35"
"1267","008814001/20161006/IC3238","96"
"1268","008814001/20161006/S32288","89"
"1269","008814001/20161006/S32288","89"
"1270","008814001/20161006/S32288","89"
"1271","008812005/20161006/IC2215","35"
"1272","008812005/20161006/P8007","50A"
"1273","008812062/20161006/S103887","60"
"1274","008892007/20161006/IC3639","75-73"
"1275","008891009/20161006/IC1827","50A"
"1276","008892007/20161006/IC2839","50A"
"1277","008891009/20161006/IC1807","50A"
"1278","008833001/20161006/IC2618","35"
"1279","008831401/20161006/P7306","35"
"1280","008831401/20161006/IC2230","35"
"1281","008833134/20161006/S203057","139"
"1282","008812005/20161006/IC3241","0"
"1283","008841004/20161006/IC3812","37"
"1284","008882206/20161006/IC3812","118"
"1285","008811411/20161006/S83990","161"
"1286","008812005/20161006/IC3419","25"
"1287","008811411/20161006/S83990","161"
"1288","008892007/20161006/IC520","50"
"1289","008881166/20161006/IC3709","96"
"1290","008881166/20161006/IC3709","96"
"1291","008881166/20161006/IC3709","96"
"1292","008812005/20161006/IC3709","36"
"1293","008841004/20161006/IC5382","37"
"1294","008892452/20161006/IC3604","73"
"1295","008892452/20161006/P7006","73"
"1296","008892403/20161006/P7006","73"
"1297","008892205/20161006/P7006","73"
"1298","008892007/20161006/IC3603","50"
"1299","008833670/20161006/IC3603","36"
"1300","008814001/20161006/IC3603","0"
"1301","008819406/20161006/IC3603","36"
"1302","008891702/20161006/IC1807","50A"
"1303","008893559/20161006/IC3605","50"
"1304","008831005/20161007/IC2228","35"
"1305","008821071/20161007/IC3328","12"
"1306","008814167/20161007/S11956","124"
"1307","008814308/20161007/S61555","96"
"1308","008814464/20161007/S93257","26"
"1309","008844206/20161007/L5277","37"
"1310","008811601/20161007/S86556","161"
"1311","008811544/20161007/S86556","161"
"1312","008821337/20161007/S11979","25"
"1313","008821634/20161007/L2977","15"
"1314","008896149/20161007/IC407","89"
"1315","008896149/20161007/IC407","89"
"1316","008821337/20161007/S11979","25"
"1317","008831401/20161007/P7305","35"
"1318","008821337/20161007/S11979","25"
"1319","008811221/20161007/S93279","36"
"1320","008893013/20161007/P7013","50"
"1321","008883311/20161007/IC1929","94"
"1322","008822004/20161007/IC4107","53"
"1323","008811189/20161007/IC3429","25"
"1324","008811189/20161007/IC3328","25"
"1325","008822343/20161007/IC3335","25"
"1326","8895208/20161007/IC2306","89"
"1327","008892007/20161007/IC2808","50"
"1328","008881315/20161007/L4462","118"
"1329","008892007/20161007/IC1834","50A"
"1330","008814308/20161007/IC3236","94"
"1331","008814001/20161007/IC414","0"
"1332","008883311/20161007/IC3236","94"
"1333","008883436/20161007/IC3236","94"
"1334","008886009/20161007/IC3236","94"
"1335","008886009/20161007/IC3236","94"
"1336","008886348/20161007/IC3236","94"
"1337","008833001/20161007/IC1513","35"
"1338","008812005/20161007/IC3736","96"
"1339","008892007/20161007/IC415","50"
"1340","008883006/20161007/S23667","96"
"1341","008892007/20161007/IC516","53"
"1342","008811601/20161007/S203068","139"
"1343","008833001/20161007/IC1717","36"
"1344","008811676/20161007/S85688","161"
"1345","008892007/20161007/IC3638","75-73"
"1346","008814001/20161007/IC1739","96"
"1347","008893120/20161007/IC1818","59"
"1348","008896008/20161007/826","66"
"1349","008896800/20161007/826","66"
"1350","008891314/20161007/826","66"
"1351","008814001/20161007/IC3319","25"
"1352","008895638/20161007/S61569","123"
"1353","008814142/20161007/S11971","124"
"1354","008833001/20161007/IC545","36"
"1355","008841004/20161008/IC529","36"
"1356","008841004/20161008/IC529","36"
"1357","008841004/20161008/IC529","36"
"1358","008841004/20161008/IC2931","34"
"1359","008821121/20161008/IC9216","25"
"1360","008821121/20161008/IC9216","25"
"1361","008892007/20161008/IC1810","59"
"1362","008892007/20161008/IC712","69"
"1363","008841004/20161008/IC537","36"
"1364","008892106/20161008/P8900","53"
"1365","008883212/20161008/IC3317","96"
"1366","008883808/20161008/IC3317","96"
"1367","008883006/20161008/IC3317","96"
"1368","008821006/20161008/L2872","16"
"1369","008822004/20161008/IC3344","25"
"1370","008813003/20161008/IC3344","0"
"1371","008811221/20161008/IC1944","36"
"1372","008866001/20161008/IC2140","161"
"1373","008866001/20161008/IC2141","161"
"1374","008821238/20161009/IC3131","25"
"1375","008814001/20161009/IC1531","50"
"1376","008881000/20161009/IC3835","97"
"1377","008833001/20161009/IC537","50A"
"1378","008892320/20161009/IC12614","73"
"1379","008821535/20161009/L2588","12"
"1380","008812005/20161009/IC1541","0"
"1381","008896008/20161009/IC742","75"
"1382","008896008/20161009/IC742","75"
"1383","008841004/20161009/IC5383","34"
"1384","008813003/20161009/IC519","36"
"1385","008861549/20161009/L6278","161"
"1386","008814001/20161009/IC2123","161"
"1387","8813003/20161009/IC516","36"
"1388","008894201/20161010/IC3006","59"
"1389","008894201/20161010/IC706","59"
"1390","008833134/20161010/S203055","139"
"1391","008831005/20161010/IC1528","35"
"1392","008841202/20161010/P7444","36"
"1393","008842002/20161010/IC429","36"
"1394","008814258/20161010/S11757","124"
"1395","008821121/20161010/IC2606","25"
"1396","008814308/20161010/S23656","96"
"1397","008814357/20161010/S23656","96"
"1398","008811916/20161010/P7603","0"
"1399","008895836/20161010/S102056","50"
"1400","008896149/20161010/IC407","89"
"1401","008896149/20161010/407","75"
"1402","008833209/20161010/L2856","35"
"1403","008811536/20161010/S83978","161"
"1404","008821238/20161010/IC3328","25"
"1405","008811536/20161010/S83978","161"
"1406","8892007/20161010/IC506","53"
"1407","8892007/20161010/IC407","53"
"1408","8892007/20161010/IC407","50"
"1409","008833001/20161010/IC3631","36"
"1410","008896149/20161010/P7009","75"
"1411","008833001/20161010/IC429","36"
"1412","008833001/20161010/IC3631","36"
"1413","008891009/20161010/IC1808","50A"
"1414","008822004/20161010/ic2029","25"
"1415","008822269/20161010/S11779","25"
"1416","008822269/20161010/S11779","25"
"1417","008831401/20161010/IC2630","35"
"1418","008821311/20161010/S11756","25"
"1419","008821121/20161010/IC708","59"
"1420","008821519/20161010/IC3330","12"
"1421","008833001/20161010/IC3632","36"
"1422","008833209/20161010/L2459","35"
"1423","008833001/20161010/IC431","36"
"1424","008814001/20161010/IC3435","96"
"1425","008822004/20161010/S11759","25"
"1426","008822475/20161010/IC4134","53"
"1427","008883311/20161010/IC1915","94"
"1428","008831005/20161010/IC2638","35"
"1429","008814001/20161010/8011","50"
"1430","008813003/20161010/IC1514","36"
"1431","008813003/20161010/IC437","89"
"1432","008811106/20161010/S53586","26"
"1433","008811247/20161010/S23665","36"
"1434","008811247/20161010/S23665","36"
"1435","008811247/20161010/S23665","36"
"1436","008811247/20161010/S23665","36"
"1437","008833001/20161010/IC1515","35"
"1438","008833001/20161010/P8302","36"
"1439","008813003/20161010/IC437","0"
"1440","008892007/20161010/IC437","75-73"
"1441","008814001/20161010/IC1739","96"
"1442","008813003/20161010/IC1738","96"
"1443","008812005/20161010/IC2216","36"
"1444","008814001/20161010/IC2839","50"
"1445","008863008/20161010/IC2417","125"
"1446","008833001/20161010/S203089","139"
"1447","008892007/20161010/IC1840","50A"
"1448","008821121/20161010/IC4528","25"
"1449","008896370/20161011/P7008","89"
"1450","008833308/20161011/IC3630","36"
"1451","008821006/20161011/1828","4"
"1452","008821121/20161011/1828","52"
"1453","008821196/20161011/1828","59"
"1454","008881000/20161011/IC3706","96"
"1455","008831401/20161011/P7305","35"
"1456","008831765/20161011/IC1530","21"
"1457","008896149/20161011/407","75"
"1458","008896149/20161011/IC407","89"
"1459","008892007/20161011/IC1506","50"
"1460","008833209/20161011/IC2229","36"
"1461","008831005/20161011/IC2629","35"
"1462","008833001/20161011/IC3631","36"
"1463","008819406/20161011/IC3631","36"
"1464","008812005/20161011/IC3631","0"
"1465","008895505/20161011/7966","122"
"1466","008895505/20161011/7966","122"
"1467","008895570/20161011/7966","122"
"1468","008895208/20161011/7966","122"
"1469","008813003/20161011/IC429","50"
"1470","008893120/20161011/IC1808","59"
"1471","008893120/20161011/IC1808","59"
"1472","8892007/20161011/IC2808","50"
"1473","008814001/20161011/P7722","0"
"1474","008811189/20161011/IC3431","25"
"1475","008891009/20161011/IC511","50A"
"1476","008892007/20161011/IC1812","59"
"1477","008813003/20161011/IC1533","50"
"1478","008891702/20161011/IC1813","50A"
"1479","8892007/20161011/IC2808","50"
"1480","8812005/20161011/IC535","50"
"1481","008863008/20161011/IC936","130"
"1482","008892007/20161011/L564","53"
"1483","008811601/20161011/S83965","161"
"1484","008811601/20161011/S83965","161"
"1485","008811601/20161011/S83965","161"
"1486","008811601/20161011/S83965","161"
"1487","008811601/20161011/S83965","161"
"1488","008813045/20161011/S11787","124"
"1489","008811106/20161011/S53586","26"
"1490","008813003/20161011/IC4515","25"
"1491","008841202/20161011/L5165","36"
"1492","008813003/20161011/IC2815","0"
"1493","008813003/20161011/IC437","89"
"1494","008812211/20161011/S102087","0"
"1495","008892007/20161011/IC3038","59"
"1496","008893013/20161011/L1886","50"
"1497","008821121/20161011/IC1816","4"
"1498","008812005/20161011/P8306","35"
"1499","008811601/20161011/IC2417","161"
"1500","008811411/20161011/S53588","161"
"1501","008811411/20161011/S53588","26"
"1502","008892007/20161011/IC1539","50A"
"1503","008895802/20161011/S61557","90"
"1504","008895802/20161011/S61557","90"
"1505","008841004/20161011/IC543","36"
"1506","008841004/20161011/IC543","36"
"1507","008841004/20161011/IC543","36"
"1508","008813003/20161011/S102071","0"
"1509","008814001/20161011/ICE11","0"
"1510","008891009/20161011/IC822","66"
"1511","008813003/20161011/IC1905","0"
"1512","008831807/20161011/IC1508","21"
"1513","008892007/20161012/IC509","50"
"1514","008892007/20161012/IC509","50"
"1515","008813003/20161012/IC509","0"
"1516","008895067/20161012/IC2206","50"
"1517","008895067/20161012/IC3629","50"
"1518","008814258/20161012/P7721","124"
"1519","008831401/20161012/P7305","35"
"1520","008833001/20161012/IC1529","36"
"1521","008896149/20161012/IC407","89"
"1522","008811510/20161012/S83978","161"
"1523","008811536/20161012/S83978","161"
"1524","008811601/20161012/S83978","161"
"1525","008885753/20161012/IC3207","94"
"1526","008811601/20161012/S83978","161"
"1527","008811601/20161012/S83978","161"
"1528","008833001/20161012/IC429","36"
"1529","008812005/20161012/IC429","0"
"1530","8893013/20161012/L557","53"
"1531","008881000/20161012/IC1710","96"
"1532","008891009/20161012/IC1810","50A"
"1533","008821147/20161012/S11759","25"
"1534","008881190/20161012/P7585","90"
"1535","008821006/20161012/IC9228","4"
"1536","008822111/20161012/P7091","53"
"1537","008841525/20161012/P7489","34"
"1538","008891009/20161012/L563","50A"
"1539","008892601/20161012/IC2313","89"
"1540","008861200/20161012/IC2516","161"
"1541","008811106/20161012/S53586","26"
"1542","008821121/20161012/IC1814","4"
"1543","008841202/20161012/L5165","36"
"1544","008813003/20161012/IC1715","36"
"1545","008893401/20161012/L579","53"
"1546","008814001/20161012/IC3737","96"
"1547","008833001/20161012/IC1515","36"
"1548","008813003/20161012/IC1515","0"
"1549","008813003/20161012/IC1515","36"
"1550","008813003/20161012/IC416","0"
"1551","008812005/20161012/IC416","36"
"1552","008892007/20161012/IC539","50A"
"1553","008892007/20161012/IC539","50A"
"1554","008892007/20161012/IC539","50A"
"1555","008814001/20161012/IC3641","50"
"1556","008892007/20161012/IC2839","50A"
"1557","008821006/20161012/IC1840","59"
"1558","008819406/20161012/IC2640","25"
"1559","008841202/20161013/P7444","36"
"1560","008831005/20161013/IC1528","35"
"1561","008833001/20161013/P7301","36"
"1562","8885001/20161013/P7514","94"
"1563","008814308/20161013/S61555","96"
"1564","008814001/20161013/IC2407","0"
"1565","8833001/20161013/P7302","36"
"1566","008894748/20161013/P7291","59"
"1567","008893559/20161013/IC4108","53"
"1568","008892007/20161013/IC1507","50"
"1569","008813003/20161013/IC2829","50"
"1570","008894151/20161013/IC3007","59"
"1571","008894151/20161013/IC3007","59"
"1572","008841004/20161013/TRN17200","37"
"1573","008896008/20161013/IC409","75"
"1574","008896008/20161013/IC409","75"
"1575","008896008/20161013/IC409","75"
"1576","008896008/20161013/IC409","75"
"1577","008896115/20161013/IC409","75"
"1578","008896115/20161013/IC409","75"
"1579","008812005/20161013/IC3108","25"
"1580","008833001/20161013/IC1531","36"
"1581","008821337/20161013/S11981","25"
"1582","008821337/20161013/S11981","25"
"1583","008821337/20161013/S11981","25"
"1584","008892106/20161013/IC409","75-73"
"1585","008896149/20161013/IC409","75"
"1586","008896115/20161013/IC409","75"
"1587","008891009/20161013/IC509","50A"
"1588","008892007/20161013/IC2833","50A"
"1589","008821121/20161013/IC1836","59"
"1590","008841004/20161013/IC3837","125"
"1591","008841004/20161013/IC3837","125"
"1592","008812005/20161013/S23765","36"
"1593","008812005/20161013/S23765","0"
"1594","008896800/20161013/IC815","66"
"1595","008896800/20161013/IC815","66"
"1596","8893401/20161013/L587","53"
"1597","008812005/20161013/IC4516","25"
"1598","008811916/20161013/S53366","26"
"1599","008811916/20161013/IC2537","26"
"1600","008811916/20161013/IC2537","26"
"1601","008814001/20161013/IC1715","0"
"1602","008811007/20161013/S23787","0"
"1603","008892007/20161013/IC2837","50A"
"1604","008822004/20161013/IC3415","25"
"1605","008812005/20161013/IC2215","36"
"1606","008815040/20161013/S103887","0"
"1607","008814373/20161013/S23787","96"
"1608","008814001/20161013/IC3737","96"
"1609","008833001/20161013/IC1515","35"
"1610","008833001/20161013/IC1515","35"
"1611","008833001/20161013/IC1515","35"
"1612","008833001/20161013/IC1515","35"
"1613","008833001/20161013/IC1515","35"
"1614","008813003/20161013/IC3337","0"
"1615","008814001/20161013/IC1739","96"
"1616","008813003/20161013/P8304","0"
"1617","008814001/20161013/IC1739","96"
"1618","008833001/20161013/P8304","36"
"1619","008833308/20161013/P8304","36"
"1620","008892007/20161013/L770","59"
"1621","008812005/20161013/IC1542","50"
"1622","008833605/20161013/IC1530","36"
"1623","008821006/20161013/IC722","59"
"1624","008833001/20161013/IC1516","36"
"1625","008811601/20161014/IC2430","161"
"1626","008831005/20161014/P7305","35"
"1627","008833001/20161014/IC1529","36"
"1628","008896149/20161014/IC407","89"
"1629","008884004/20161014/IC1713","125"
"1630","008884004/20161014/IC1713","125"
"1631","008831005/20161014/P7305","35"
"1632","008811601/20161014/S83978","161"
"1633","008811536/20161014/S83978","161"
"1634","008811536/20161014/S83978","161"
"1635","008811510/20161014/S83978","161"
"1636","008811536/20161014/S83978","161"
"1637","008894748/20161014/P7291","59"
"1638","008833001/20161014/IC429","36"
"1639","008813003/20161014/P7305","0"
"1640","008811254/20161014/S23779","36"
"1641","008833001/20161014/IC430","36"
"1642","008821659/20161014/L2979","15"
"1643","008811221/20161014/S23680","36"
"1644","8892007/20161014/IC408","50"
"1645","008892007/20161014/IC1809","59"
"1646","008892007/20161014/IC1810","59"
"1647","008833001/20161014/IC1533","36"
"1648","008885001/20161014/IC3233","94"
"1649","008896008/20161014/IC712","69"
"1650","8811916/20161014/S53384","94"
"1651","008896008/20161014/IC835","66"
"1652","008814308/20161014/IC3235","94"
"1653","008892007/20161014/IC3636","73"
"1654","008883311/20161014/IC3235","94"
"1655","008886546/20161014/L4864","90"
"1656","008883436/20161014/IC3235","94"
"1657","008812005/20161014/IC2236","0"
"1658","008813003/20161014/IC2236","0"
"1659","008814001/20161014/IC2236","50"
"1660","008811106/20161014/S53586","26"
"1661","008863008/20161014/IC938","118"
"1662","008863008/20161014/IC938","118"
"1663","008863008/20161014/IC938","118"
"1664","008812005/20161014/P8305","35"
"1665","008811510/20161014/S86565","161"
"1666","008811601/20161014/S85666","161"
"1667","008813003/20161014/P8305","36"
"1668","008812005/20161014/P8001","50"
"1669","008811510/20161014/S86565","161"
"1670","008811528/20161014/S86565","161"
"1671","008811536/20161014/S86565","161"
"1672","008811544/20161014/S86565","161"
"1673","008813003/20161014/IC437","89"
"1674","008895836/20161014/IC3639","50"
"1675","008895836/20161014/S42166","50"
"1676","008811247/20161014/S23665","36"
"1677","008833001/20161014/IC1515","35"
"1678","008812005/20161014/IC1515","36"
"1679","008813003/20161014/IC1515","0"
"1680","008813003/20161014/IC1515","36"
"1681","008892007/20161014/IC716","75"
"1682","008821006/20161014/IC2617","4"
"1683","008892007/20161014/L862","53"
"1684","008813003/20161014/IC1539","50"
"1685","008892007/20161014/IC716","75"
"1686","008896008/20161014/IC737","59"
"1687","008896008/20161014/IC737","59"
"1688","008812005/20161014/P8304","36"
"1689","008814241/20161014/S11768","124"
"1690","008892007/20161014/IC739","59"
"1691","008814258/20161014/S11768","124"
"1692","008811601/20161014/IC2118","161"
"1693","8892007/20161014/IC3640","73"
"1694","008892007/20161014/IC3640","73"
"1695","008822004/20161014/IC4140","53"
"1696","008894508/20161014/IC1829","59"
"1697","008821006/20161014/L2866","36"
"1698","008895836/20161015/IC2207","50"
"1699","008861119/20161015/L4559","130"
"1700","008819406/20161015/IC3637","36"
"1701","008833050/20161015/IC3637","36"
"1702","008895620/20161015/S61586","123"
"1703","008814001/20161015/IC2240","50"
"1704","008813003/20161015/IC1538","50"
"1705","008892007/20161015/IC538","50A"
"1706","008821121/20161015/IC1839","59"
"1707","008844628/20161015/IC533","50A"
"1708","008894508/20161015/IC1819","59"
"1709","008821196/20161015/IC1819","52"
"1710","008894508/20161015/IC1819","59"
"1711","008821196/20161015/IC1819","52"
"1712","008831401/20161015/L2489","35"
"1713","008872009/20161016/IC3812","125"
"1714","008872009/20161016/IC3812","125"
"1715","008841525/20161016/IC3834","125"
"1716","008841525/20161016/IC3834","125"
"1717","008819406/20161016/IC2614","36"
"1718","008819406/20161016/IC2614","36"
"1719","008832458/20161016/IC4342","15"
"1720","008831401/20161016/IC2940","16"
"1721","008896800/20161016/IC2314","66"
"1722","008892007/20161016/IC515","50"
"1723","008892007/20161016/IC515","50"
"1724","008892007/20161016/IC516","50"
"1725","008813003/20161016/IC516","36"
"1726","008814001/20161016/IC540","50A"
"1727","008895802/20161016/IC2242","50"
"1728","008883006/20161016/IC3720","96"
"1729","008812005/20161016/IC9231","36"
"1730","008833001/20161016/IC1507","36"
"1731","008822004/20161016/IC3343","25"
"1732","008872009/20161016/IC2007","124"
"1733","008892106/20161016/P7997","75-73"
"1734","8821006/20161016/IC3342","25"
"1735","008841608/20161017/L5555","34"
"1736","008841608/20161017/L5555","34"
"1737","008841202/20161017/P7444","36"
"1738","008891702/20161017/IC408","50A"
"1739","008831005/20161017/IC2229","35"
"1740","008833001/20161017/IC3630","36"
"1741","008896396/20161017/IC729","69"
"1742","008896149/20161017/IC407","89"
"1743","008841202/20161017/P7444","36"
"1744","008885704/20161017/IC3207","94"
"1745","008885704/20161017/IC3207","94"
"1746","008885753/20161017/IC3207","94"
"1747","008885753/20161017/IC3207","94"
"1748","008811445/20161017/S83957","161"
"1749","008812153/20161017/S32278","60"
"1750","008893120/20161017/IC1828","59"
"1751","008885001/20161017/IC3207","94"
"1752","008885001/20161017/IC3207","94"
"1753","008886348/20161017/IC3207","94"
"1754","008891009/20161017/IC1808","50A"
"1755","008833001/20161017/P7401","36"
"1756","008892007/20161017/IC408","50"
"1757","008812005/20161017/P7401","0"
"1758","008813003/20161017/P7401","0"
"1759","008832375/20161017/IC1532","36"
"1760","008814001/20161017/THA9315","25"
"1761","008814001/20161017/IC3730","96"
"1762","008814001/20161017/IC3610","0"
"1763","008891009/20161017/IC511","50A"
"1764","008892007/20161017/IC3608","50"
"1765","008896008/20161017/P7901","89"
"1766","008843208/20161017/IC3837","125"
"1767","008812005/20161017/IC4515","25"
"1768","008812047/20161017/S102066","0"
"1769","008812211/20161017/S102087","0"
"1770","008811916/20161017/S93265","36"
"1771","008811510/20161017/S83966","161"
"1772","008811536/20161017/S83966","161"
"1773","008811601/20161017/S83966","161"
"1774","008892007/20161017/IC1539","50A"
"1775","008892007/20161017/IC1539","50A"
"1776","008812005/20161017/IC2216","35"
"1777","008813003/20161017/IC2839","50"
"1778","008892007/20161017/L1869","50"
"1779","008819406/20161017/IC9263","25"
"1780","008819406/20161017/IC9263","25"
"1781","008821121/20161017/IC1832","59"
"1782","008821907/20161017/IC4209","15"
"1783","008895000/20161018/IC3604","50"
"1784","008895737/20161018/S67974","90"
"1785","008895802/20161018/IC2228","50"
"1786","008883311/20161018/S61556","94"
"1787","008883311/20161018/P7513","94"
"1788","008833605/20161018/P7302","36"
"1789","008833001/20161018/IC428","36"
"1790","008833001/20161018/IC428","36"
"1791","008896149/20161018/IC407","89"
"1792","008821121/20161018/IC4207","4"
"1793","008872009/20161018/IC929","118"
"1794","008813003/20161018/IC4507","25"
"1795","008893120/20161018/L779","59"
"1796","8893013/20161018/L557","53"
"1797","008892254/20161018/IC3610","73"
"1798","008896008/20161018/IC734","75"
"1799","008812005/20161018/IC2236","50"
"1800","008813003/20161018/P8008","89"
"1801","008892254/20161018/IC3614","73"
"1802","008893179/20161018/L786","50"
"1803","008893179/20161018/L786","50"
"1804","008895646/20161018/S61587","123"
"1805","008895646/20161018/S61587","123"
"1806","008814258/20161018/S93265","124"
"1807","008892007/20161018/IC415","50"
"1808","008812005/20161018/P8305","36"
"1809","008892007/20161018/P8961","75-73"
"1810","008883436/20161018/IC1914","94"
"1811","008895000/20161018/IC3639","50"
"1812","008895091/20161018/IC3639","50"
"1813","008895802/20161018/IC3639","50"
"1814","008811411/20161018/S42166","161"
"1815","008892007/20161018/IC737","59"
"1816","008871308/20161018/L4288","124"
"1817","008814001/20161018/P8801","96"
"1818","008811288/20161018/S93288","36"
"1819","008811288/20161018/S93288","36"
"1820","008812005/20161018/IC2215","36"
"1821","008892007/20161018/P8001","50A"
"1822","008813003/20161018/S11988","124"
"1823","008812252/20161018/S102088","50"
"1824","008813003/20161018/IC417","0"
"1825","008812005/20161018/IC417","36"
"1826","008891009/20161018/IC1839","50A"
"1827","008833605/20161019/IC1728","36"
"1828","008833605/20161019/P7301","36"
"1829","008811189/20161019/IC3106","25"
"1830","008844503/20161019/IC429","37"
"1831","008844008/20161019/IC429","37"
"1832","008844206/20161019/IC429","37"
"1833","008842002/20161019/IC429","37"
"1834","008841004/20161019/IC429","36"
"1835","008821238/20161019/IC3328","25"
"1836","008833001/20161019/IC1729","36"
"1837","008896925/20161019/IC807","66"
"1838","008896925/20161019/IC408","66"
"1839","008892007/20161019/IC408","50"
"1840","008891009/20161019/IC2809","50A"
"1841","008819406/20161019/IC9223","25"
"1842","008822004/20161019/IC9223","25"
"1843","008821121/20161019/IC4230","15"
"1844","008821717/20161019/IC4230","29"
"1845","008895067/20161019/IC2210","50"
"1846","008892304/20161019/IC3611","73"
"1847","008892205/20161019/IC2333","66"
"1848","008893559/20161019/IC4134","50"
"1849","008892007/20161019/L763","58"
"1850","008821121/20161019/IC712","59"
"1851","008812005/20161019/IC3244","94"
"1852","008821121/20161019/IC2012","4"
"1853","008822004/20161019/IC2012","25"
"1854","008812005/20161019/IC2012","25"
"1855","008833001/20161019/IC2637","36"
"1856","008814001/20161019/IC3735","96"
"1857","008814209/20161019/IC2013","124"
"1858","008811106/20161019/S53586","26"
"1859","008861549/20161019/L6266","161"
"1860","008833209/20161019/L2859","35"
"1861","008811916/20161019/IC2137","0"
"1862","008814001/20161019/IC1515","0"
"1863","008811916/20161019/IC2137","0"
"1864","008813003/20161019/P8007","50A"
"1865","008812005/20161019/S11966","25"
"1866","008812005/20161019/S11966","25"
"1867","008892007/20161019/IC539","50A"
"1868","008892007/20161019/IC2831","50A"
"1869","008892007/20161019/IC2831","50A"
"1870","008821006/20161019/IC3139","25"
"1871","8822004/20161019/IC2017","25"
"1872","008881166/20161019/L4891","90"
"1873","008885001/20161019/L4880","78"
"1874","008841202/20161020/P7444","36"
"1875","008841202/20161020/P7444","36"
"1876","008896008/20161020/IC407","75"
"1877","008821006/20161020/IC4530","25"
"1878","008821006/20161020/IC4530","25"
"1879","008821006/20161020/IC4530","25"
"1880","008821006/20161020/THA9994","25"
"1881","008821006/20161020/IC3329","25"
"1882","008833209/20161020/P7305","36"
"1883","8821121/20161020/IC2029","25"
"1884","008814001/20161020/IC1506","0"
"1885","008831807/20161020/IC1534","50A"
"1886","008831807/20161020/IC1506","21"
"1887","008821006/20161020/IC3131","25"
"1888","008831005/20161020/IC2234","35"
"1889","8833001/20161020/L2855","53"
"1890","008812005/20161020/IC515","36"
"1891","008812005/20161020/IC515","36"
"1892","008821717/20161020/L2966","15"
"1893","008832458/20161020/L2966","19"
"1894","008832433/20161020/L2966","19"
"1895","008813003/20161020/P8401","36"
"1896","008813003/20161020/IC1718","0"
"1897","008812005/20161020/IC1718","36"
"1898","008833001/20161020/IC1718","36"
"1899","008822004/20161020/IC4542","25"
"1900","008892080/20161020/IC441","75"
"1901","008812005/20161020/IC3605","36"
"1902","008814001/20161020/IC3605","0"
"1903","008893708/20161021/L776","58"
"1904","008892007/20161021/IC4106","50"
"1905","008841202/20161021/P7444","36"
"1906","008893013/20161021/L577","50"
"1907","008833001/20161021/IC1529","36"
"1908","008814308/20161021/IC3206","96"
"1909","008814308/20161021/S61556","96"
"1910","008814308/20161021/S23657","96"
"1911","008894425/20161021/IC3229","60"
"1912","008833001/20161021/IC529","36"
"1913","008833001/20161021/IC1508","36"
"1914","008833233/20161021/IC2911","35"
"1915","008892007/20161021/IC4117","53"
"1916","008812047/20161021/IC3210","60"
"1917","008814001/20161021/IC2234","50"
"1918","008831005/20161021/IC1512","21"
"1919","008831310/20161021/IC5385","34"
"1920","008892007/20161021/IC735","59"
"1921","008894508/20161021/IC735","59"
"1922","008814308/20161021/IC1936","94"
"1923","008841202/20161021/L5165","36"
"1924","008892007/20161021/P8998","75-73"
"1925","008892007/20161021/P8998","75-73"
"1926","008892007/20161021/P8998","75-73"
"1927","008892007/20161021/P8998","75-73"
"1928","008892007/20161021/P8998","75-73"
"1929","008892007/20161021/P8998","75-73"
"1930","008812005/20161021/P8444","36"
"1931","008892007/20161021/IC1537","50A"
"1932","008813003/20161021/IC1514","0"
"1933","008812005/20161021/IC1514","36"
"1934","008833001/20161021/IC1514","36"
"1935","008896149/20161021/IC715","75"
"1936","008833001/20161021/P8363","35"
"1937","008894508/20161021/IC737","59"
"1938","008812005/20161021/IC4516","25"
"1939","8893401/20161021/L588","53"
"1940","008833001/20161021/IC2616","35"
"1941","008884004/20161021/IC941","78"
"1942","008833001/20161021/IC1515","36"
"1943","008833001/20161021/IC1515","36"
"1944","008833001/20161021/IC1515","36"
"1945","008833001/20161021/IC1515","36"
"1946","008833001/20161021/IC1515","36"
"1947","008833001/20161021/IC1515","36"
"1948","008833001/20161021/IC1515","36"
"1949","008833209/20161021/L2867","35"
"1950","008812005/20161021/IC1717","36"
"1951","008833001/20161021/IC2639","36"
"1952","008821600/20161021/IC3441","25"
"1953","008892007/20161021/IC3619","50"
"1954","008891009/20161022/IC507","50A"
"1955","008892007/20161022/IC3606","50"
"1956","008814001/20161022/IC3708","36"
"1957","008891140/20161022/IC1507","50A"
"1958","008891009/20161022/IC508","50A"
"1959","008881158/20161022/L4858","96"
"1960","008881000/20161022/IC3830","97"
"1961","008814001/20161022/IC534","50A"
"1962","008833001/20161022/IC3637","36"
"1963","008892007/20161022/IC1834","50A"
"1964","008833001/20161022/IC3637","36"
"1965","008892007/20161022/IC713","75"
"1966","008811189/20161022/IC3316","25"
"1967","008833001/20161022/IC1538","36"
"1968","008821402/20161022/L2580","12"
"1969","008821006/20161022/IC9220","25"
"1970","008813003/20161022/IC9260","0"
"1971","008894508/20161023/IC1806","59"
"1972","008894508/20161023/IC1806","59"
"1973","008831005/20161023/IC1532","53"
"1974","008885001/20161023/IC3832","94"
"1975","008819406/20161023/IC2834","36"
"1976","008813003/20161023/S86568","161"
"1977","008812005/20161023/IC545","0"
"1978","008892007/20161023/IC517","50"
"1979","008812047/20161023/S102090","0"
"1980","8814001/20161023/IC1541","50"
"1981","008813003/20161023/IC1541","50"
"1982","008891140/20161023/IC1541","50A"
"1983","008892007/20161023/IC1541","50A"
"1984","008814001/20161023/IC1541","50"
"1985","008813003/20161023/IC1919","0"
"1986","008831005/20161023/IC1544","35"
"1987","008892106/20161023/L870","53"
"1988","008892007/20161023/L870","50"
"1989","008892106/20161023/L870","75-73"
"1990","008892080/20161023/L870","75-73"
"1991","008892007/20161023/L870","50"
"1992","008821006/20161023/IC2621","36"
"1993","008821006/20161023/IC2621","4"
"1994","008892007/20161023/IC1507","53"
"1995","008892007/20161024/IC506","50"
"1996","008896149/20161024/IC407","89"
"1997","008893179/20161024/P7013","50"
"1998","008891009/20161024/IC1507","50A"
"1999","008811189/20161024/IC3429","25"
"2000","008863008/20161024/IC4629","161"
"2001","008814308/20161024/S23660","96"
"2002","008814001/20161024/IC2309","0"
"2003","008814001/20161024/IC2309","0"
"2004","008892007/20161024/IC533","50A"
"2005","008863008/20161024/L6283","161"
"2006","008813003/20161024/S86564","0"
"2007","008812005/20161024/IC537","50"
"2008","008892007/20161024/IC537","50A"
"2009","008813003/20161024/IC2836","50"
"2010","008811288/20161024/S23688","36"
"2011","008883006/20161024/P8770","108"
"2012","008883006/20161024/P8770","108"
"2013","008812005/20161024/IC2215","35"
"2014","008813003/20161024/S11787","124"
"2015","008813003/20161024/IC1538","50A"
"2016","008883006/20161024/P8801","96"
"2017","008811510/20161024/S83966","161"
"2018","008896008/20161024/IC417","75"
"2019","008892007/20161024/IC716","75"
"2020","008892007/20161024/IC716","75"
"2021","008891009/20161024/IC517","50A"
"2022","008812005/20161024/IC539","0"
"2023","008841004/20161024/L5189","36"
"2024","008841004/20161024/L5189","36"
"2025","008812005/20161024/IC2216","35"
"2026","008831005/20161024/P8303","21"
"2027","008821121/20161024/IC4541","25"
"2028","008892205/20161024/IC3641","73"
"2029","008892205/20161024/IC3641","73"
"2030","008819406/20161024/IC3617","36"
"2031","008821006/20161024/IC2045","25"
"2032","008895000/20161024/IC3630","50"
"2033","008895000/20161024/IC3630","50"
"2034","008872009/20161025/IC3805","130"
"2035","008841202/20161025/P7444","36"
"2036","008811189/20161025/IC3429","25"
"2037","008814118/20161025/S11978","124"
"2038","008811197/20161025/S73478","26"
"2039","008882206/20161025/IC906","118"
"2040","008883006/20161025/IC3437","108"
"2041","008896149/20161025/IC407","89"
"2042","008833001/20161025/IC1729","36"
"2043","008833001/20161025/IC1729","36"
"2044","008892007/20161025/IC2807","50"
"2045","008896925/20161025/IC408","66"
"2046","008822343/20161025/S11756","25"
"2047","008833001/20161025/IC1530","36"
"2048","8893013/20161025/L557","53"
"2049","008891009/20161025/IC509","50A"
"2050","8811130/20161024/S23766","36"
"2051","008892007/20161025/533","50A"
"2052","008831005/20161025/IC2236","35"
"2053","008822004/20161025/S53385","25"
"2054","008833209/20161025/IC2637","35"
"2055","008813003/20161025/IC2237","0"
"2056","008813003/20161025/P8400","36"
"2057","008833605/20161025/IC1514","21"
"2058","008811130/20161025/S23665","36"
"2059","008811213/20161025/S23665","36"
"2060","008811221/20161025/S23665","36"
"2061","008811247/20161025/S23665","36"
"2062","008811254/20161025/S23665","36"
"2063","008811262/20161025/S23665","36"
"2064","008811270/20161025/S23665","36"
"2065","008813003/20161025/IC3239","94"
"2066","008841608/20161025/IC5367","34"
"2067","008811916/20161025/IC4039","161"
"2068","008892007/20161025/IC539","50A"
"2069","008892205/20161025/IC839","66"
"2070","008832573/20161025/IC4340","19"
"2071","008811189/20161025/IC3340","25"
"2072","008833001/20161025/IC544","36"
"2073","008872009/20161025/IC3804","125"
"2074","008822004/20161025/S11780","25"
"2075","008822004/20161025/S11780","25"
"2076","008822004/20161025/S11780","25"
"2077","008891009/20161025/P7053","50A"
"2078","008891009/20161025/P8051","50A"
"2079","008891009/20161025/IC1516","50A"
"2080","008891009/20161025/L559","50A"
"2081","008891009/20161025/L559","50A"
"2082","008811304/20161026/IC2527","36"
"2083","008811510/20161026/S83977","161"
"2084","008814001/20161026/IC3205","0"
"2085","008896149/20161026/IC407","89"
"2086","008871100/20161026/IC4507","124"
"2087","008833001/20161026/IC3631","36"
"2088","008819406/20161026/IC3631","36"
"2089","008812005/20161026/IC3631","0"
"2090","008813003/20161026/IC3631","0"
"2091","008864345/20161026/IC2129","161"
"2092","008822004/20161026/IC3308","25"
"2093","008833209/20161026/P7306","36"
"2094","008886348/20161026/IC3206","94"
"2095","008883311/20161026/IC3206","94"
"2096","008812237/20161026/S107016","0"
"2097","008891009/20161026/IC510","50A"
"2098","008821717/20161026/IC3433","27"
"2099","008814308/20161026/IC3210","96"
"2100","008814001/20161026/IC411","36"
"2101","008821196/20161026/L2682","52"
"2102","008813003/20161026/IC1711","36"
"2103","008821006/20161026/IC3137","25"
"2104","008886009/20161026/P8589","90"
"2105","008892106/20161026/IC416","50"
"2106","008814001/20161026/P8741","96"
"2107","008814001/20161026/IC1515","36"
"2108","008814001/20161026/S11988","124"
"2109","008814118/20161026/S11988","124"
"2110","008813003/20161026/P8303","0"
"2111","008813003/20161026/P8303","0"
"2112","008813003/20161026/P8303","0"
"2113","008812005/20161026/P8303","36"
"2114","008833001/20161026/P8303","36"
"2115","008822004/20161026/S11977","25"
"2116","008892007/20161026/IC539","50A"
"2117","008814001/20161026/IC3439","96"
"2118","008822004/20161027/IC2606","25"
"2119","8892007/20161027/P7008","50"
"2120","008891009/20161027/IC1808","50A"
"2121","008833001/20161027/IC3631","36"
"2122","008822004/20161027/S11779","25"
"2123","8893013/20161027/L557","53"
"2124","008811601/20161027/IC2129","161"
"2125","8892007/20161027/IC2808","50"
"2126","8892007/20161027/IC2808","50"
"2127","008833001/20161027/IC1531","53"
"2128","8812005/20161027/IC2415","0"
"2129","008833001/20161027/L2466","35"
"2130","008872009/20161027/L4587","140"
"2131","008872009/20161027/L4587","140"
"2132","8813003/20161027/P8604","161"
"2133","8811601/20161027/IC2436","161"
"2134","8811601/20161027/IC2436","161"
"2135","008892007/20161027/L789","75-73"
"2136","008892007/20161027/IC537","50A"
"2137","008814001/20161027/IC538","50"
"2138","008892007/20161027/IC437","75-73"
"2139","008812005/20161027/S23665","36"
"2140","008814001/20161027/P8002","50"
"2141","008813003/20161027/IC439","50"
"2142","008814001/20161027/IC517","36"
"2143","008883212/20161027/L4359","108"
"2144","008883006/20161027/IC1730","96"
"2145","008812005/20161028/IC415","36"
"2146","008841004/20161028/THA9412","36"
"2147","008896008/20161028/IC2313","89"
"2148","008896412/20161028/IC736","69"
"2149","008814258/20161028/S11757","124"
"2150","008883006/20161028/IC3406","96"
"2151","008821071/20161028/P7200","12"
"2152","008812005/20161028/P7801","0"
"2153","008821006/20161028/IC3129","25"
"2154","008821006/20161028/IC3129","25"
"2155","008813003/20161028/IC3210","60"
"2156","008893120/20161028/IC1836","50A"
"2157","008813003/20161028/IC2834","0"
"2158","008813003/20161028/IC2834","50"
"2159","8892007/20161028/IC512","50"
"2160","8891009/20161028/IC1813","50A"
"2161","008892007/20161028/IC2814","50"
"2162","008811007/20161028/S68574","0"
"2163","008814001/20161028/IC415","36"
"2164","008813003/20161028/IC415","36"
"2165","008812005/20161028/IC415","36"
"2166","008813003/20161028/IC515","36"
"2167","008895455/20161028/P8901","89"
"2168","008895000/20161028/P8011","50"
"2169","008821006/20161028/IC2917","36"
"2170","008821121/20161028/IC1830","59"
"2171","008814001/20161028/IC439","50"
"2172","008814001/20161028/IC540","50"
"2173","008811189/20161028/S11970","25"
"2174","008822004/20161029/IC9219","25"
"2175","008831005/20161029/IC2929","35"
"2176","008833209/20161029/IC2929","16"
"2177","008821600/20161029/IC2929","15"
"2178","008821600/20161029/IC2929","15"
"2179","008892007/20161029/IC1530","50A"
"2180","008891140/20161029/IC1510","50A"
"2181","008821006/20161029/IC9224","25"
"2182","008813003/20161029/IC1532","0"
"2183","008891009/20161029/IC1534","51"
